<application>
  <component name="SonarLintGlobalSettings">
    <option name="rulesByKey">
      <map>
        <entry key="python:S112">
          <value>
            <Rule active="false" key="python:S112" />
          </value>
        </entry>
        <entry key="python:S1871">
          <value>
            <Rule active="false" key="python:S1871" />
          </value>
        </entry>
      </map>
    </option>
    <rules>
      <Rule active="false" key="python:S112" />
      <Rule active="false" key="python:S1871" />
    </rules>
  </component>
</application>