<keymap version="1" name="Windows copy" parent="$default">
  <action id="Back">
    <mouse-shortcut keystroke="button4" />
    <keyboard-shortcut first-keystroke="alt left" />
  </action>
  <action id="EditorDecreaseFontSizeGlobal">
    <keyboard-shortcut first-keystroke="shift alt comma" />
    <mouse-shortcut keystroke="control button142" />
  </action>
  <action id="EditorIncreaseFontSizeGlobal">
    <keyboard-shortcut first-keystroke="shift alt period" />
    <mouse-shortcut keystroke="control button143" />
  </action>
  <action id="Forward">
    <mouse-shortcut keystroke="button5" />
    <keyboard-shortcut first-keystroke="alt right" />
  </action>
  <action id="NextTab" />
  <action id="PreviousTab" />
  <action id="RevealIn">
    <keyboard-shortcut first-keystroke="alt e" />
  </action>
</keymap>