<profile version="1.0">
  <option name="myName" value="Default" />
  <inspection_tool class="DuplicatedCode" enabled="true" level="WEAK WARNING" enabled_by_default="true">
    <Languages>
      <language minSize="318" name="Python" />
    </Languages>
  </inspection_tool>
  <inspection_tool class="PyBroadExceptionInspection" enabled="false" level="WEAK WARNING" enabled_by_default="false" />
  <inspection_tool class="PyPackageRequirementsInspection" enabled="true" level="WARNING" enabled_by_default="true">
    <option name="ignoredPackages">
      <value>
        <list size="66">
          <item index="0" class="java.lang.String" itemvalue="pymoo" />
          <item index="1" class="java.lang.String" itemvalue="cx-Oracle" />
          <item index="2" class="java.lang.String" itemvalue="cron-validator" />
          <item index="3" class="java.lang.String" itemvalue="greenlet" />
          <item index="4" class="java.lang.String" itemvalue="python-dateutil" />
          <item index="5" class="java.lang.String" itemvalue="SQLAlchemy" />
          <item index="6" class="java.lang.String" itemvalue="cffi" />
          <item index="7" class="java.lang.String" itemvalue="kombu" />
          <item index="8" class="java.lang.String" itemvalue="numpy" />
          <item index="9" class="java.lang.String" itemvalue="pycparser" />
          <item index="10" class="java.lang.String" itemvalue="click-didyoumean" />
          <item index="11" class="java.lang.String" itemvalue="importlib-metadata" />
          <item index="12" class="java.lang.String" itemvalue="redis" />
          <item index="13" class="java.lang.String" itemvalue="sqlparse" />
          <item index="14" class="java.lang.String" itemvalue="eventlet" />
          <item index="15" class="java.lang.String" itemvalue="celery" />
          <item index="16" class="java.lang.String" itemvalue="pyOpenSSL" />
          <item index="17" class="java.lang.String" itemvalue="tenacity" />
          <item index="18" class="java.lang.String" itemvalue="anyjson" />
          <item index="19" class="java.lang.String" itemvalue="monotonic" />
          <item index="20" class="java.lang.String" itemvalue="prompt-toolkit" />
          <item index="21" class="java.lang.String" itemvalue="cached-property" />
          <item index="22" class="java.lang.String" itemvalue="django-celery" />
          <item index="23" class="java.lang.String" itemvalue="djangorestframework" />
          <item index="24" class="java.lang.String" itemvalue="pyparsing" />
          <item index="25" class="java.lang.String" itemvalue="billiard" />
          <item index="26" class="java.lang.String" itemvalue="dnspython" />
          <item index="27" class="java.lang.String" itemvalue="librabbitmq" />
          <item index="28" class="java.lang.String" itemvalue="six" />
          <item index="29" class="java.lang.String" itemvalue="pytest" />
          <item index="30" class="java.lang.String" itemvalue="simpy" />
          <item index="31" class="java.lang.String" itemvalue="amqp" />
          <item index="32" class="java.lang.String" itemvalue="tzdata" />
          <item index="33" class="java.lang.String" itemvalue="asgiref" />
          <item index="34" class="java.lang.String" itemvalue="cryptography" />
          <item index="35" class="java.lang.String" itemvalue="ortools" />
          <item index="36" class="java.lang.String" itemvalue="plotly" />
          <item index="37" class="java.lang.String" itemvalue="typing-extensions" />
          <item index="38" class="java.lang.String" itemvalue="gunicorn" />
          <item index="39" class="java.lang.String" itemvalue="click" />
          <item index="40" class="java.lang.String" itemvalue="pandas" />
          <item index="41" class="java.lang.String" itemvalue="Django" />
          <item index="42" class="java.lang.String" itemvalue="matplotlib" />
          <item index="43" class="java.lang.String" itemvalue="django-timezone-field" />
          <item index="44" class="java.lang.String" itemvalue="click-repl" />
          <item index="45" class="java.lang.String" itemvalue="pytz" />
          <item index="46" class="java.lang.String" itemvalue="click-plugins" />
          <item index="47" class="java.lang.String" itemvalue="msgpack" />
          <item index="48" class="java.lang.String" itemvalue="openpyxl" />
          <item index="49" class="java.lang.String" itemvalue="pywin32" />
          <item index="50" class="java.lang.String" itemvalue="absl-py" />
          <item index="51" class="java.lang.String" itemvalue="protobuf" />
          <item index="52" class="java.lang.String" itemvalue="scipy" />
          <item index="53" class="java.lang.String" itemvalue="packaging" />
          <item index="54" class="java.lang.String" itemvalue="MarkupSafe" />
          <item index="55" class="java.lang.String" itemvalue="contourpy" />
          <item index="56" class="java.lang.String" itemvalue="fonttools" />
          <item index="57" class="java.lang.String" itemvalue="importlib-resources" />
          <item index="58" class="java.lang.String" itemvalue="XlsxWriter" />
          <item index="59" class="java.lang.String" itemvalue="zipp" />
          <item index="60" class="java.lang.String" itemvalue="Pillow" />
          <item index="61" class="java.lang.String" itemvalue="django" />
          <item index="62" class="java.lang.String" itemvalue="typing_extensions" />
          <item index="63" class="java.lang.String" itemvalue="opentelemetry-instrumentation-redis" />
          <item index="64" class="java.lang.String" itemvalue="pycryptodomex" />
          <item index="65" class="java.lang.String" itemvalue="opentelemetry-instrumentation-django" />
        </list>
      </value>
    </option>
  </inspection_tool>
  <inspection_tool class="PyPep8NamingInspection" enabled="true" level="WEAK WARNING" enabled_by_default="true">
    <option name="ignoredErrors">
      <list>
        <option value="N812" />
      </list>
    </option>
  </inspection_tool>
  <inspection_tool class="PyUnresolvedReferencesInspection" enabled="true" level="WARNING" enabled_by_default="true">
    <option name="ignoredIdentifiers">
      <list>
        <option value="g_my" />
        <option value="tuple.*" />
        <option value="typing.NamedTuple.*" />
      </list>
    </option>
  </inspection_tool>
</profile>