<profile version="1.0">
  <option name="myName" value="Default" />
  <inspection_tool class="DuplicatedCode" enabled="true" level="WEAK WARNING" enabled_by_default="true">
    <Languages>
      <language minSize="193" name="Python" />
    </Languages>
  </inspection_tool>
  <inspection_tool class="PyBroadExceptionInspection" enabled="false" level="WEAK WARNING" enabled_by_default="false" />
  <inspection_tool class="PyPackageRequirementsInspection" enabled="true" level="WARNING" enabled_by_default="true">
    <option name="ignoredPackages">
      <value>
        <list size="3">
          <item index="0" class="java.lang.String" itemvalue="pymoo" />
          <item index="1" class="java.lang.String" itemvalue="cx-Oracle" />
          <item index="2" class="java.lang.String" itemvalue="cron-validator" />
        </list>
      </value>
    </option>
  </inspection_tool>
  <inspection_tool class="PyPep8NamingInspection" enabled="true" level="WEAK WARNING" enabled_by_default="true">
    <option name="ignoredErrors">
      <list>
        <option value="N812" />
      </list>
    </option>
  </inspection_tool>
</profile>